<?xml version="1.0" encoding="UTF-8" standalone="yes"?>
<addon id="hgrepo" name="HG's Repo" version="0.0.1" provider-name="hieunhit">
	<extension point="xbmc.addon.repository" name="HG's repo">
		<dir>
			<info compressed="false">https://raw.githubusercontent.com/hieunhit/kodi/main/repos/addons.xml</info>
			<checksum>https://random-word-api.herokuapp.com/word</checksum>
			<datadir zip="true">https://raw.githubusercontent.com/hieunhit/kodi/master/repos/</datadir>
		</dir>
	</extension>
	<extension point="xbmc.addon.metadata">
		<summary>Kho tiện ích KODI</summary>
		<description>Yêu cầu:
			+ Kodi 20 trở lên.
			+ Mở chế độ "Cập nhật các tiện ích từ Bất kỳ kho lưu trữ nào" bằng cách:
			- Anh ngữ: Settings > System > Add-ons > Unknown sources > Any repositories
			- Việt ngữ: Cài đặt > Hệ thống > Tiện ích > Không rõ nguồn gốc > Bất kỳ kho lưu trữ nào
		</description>
		<disclaimer>Nội dung được chia sẻ và lưu trữ bởi một ứng dụng bên thứ ba. Chúng tôi không sở hữu, không lưu trữ nội dung này và sẽ không chịu trách nhiệm cho các vấn đề liên quan. Đề nghị khán giả cân nhắc nội dung khi sử dụng tài nguyên.</disclaimer>
		<platform>all</platform>
		<assets>
			<icon>icon.png</icon>
			<fanart>icon.jpg</fanart>
		</assets> 
	</extension>
</addon>