<?xml version="1.0" encoding="UTF-8"?>
<window>
	<defaultcontrol>996</defaultcontrol>
	<include>Animation_DialogPopupOpenClose</include>
	<coordinates>
		<left>0</left>
		<top>0</top>
	</coordinates>
	<controls>
		<control type="group">
			<top>175</top>
			<include content="DialogBackgroundCommons">
				<param name="header_label" value="$VAR[ContextMenuTitleVar]" />
				<param name="header_id" value="" />
			</include>
		</control>
		<control type="group">
			<top>265</top>
			<control type="button">
				<left>-1920</left>
				<top>-1080</top>
				<width>5760</width>
				<height>3240</height>
				<texturefocus />
				<texturenofocus />
				<onclick>Action(close)</onclick>
			</control>
			<!-- <animation effect="slide" end="0,75" time="0" condition="Window.IsActive(home)">conditional</animation> -->
			<control type="grouplist" id="996">
				<description>grouplist for context buttons</description>
				<left>712</left>
				<top>0</top>
				<width>496</width>
				<height max="560">auto</height>
				<usecontrolcoords>true</usecontrolcoords>
			</control>
			<include content="UpDownArrows">
				<param name="container_id" value="996" />
				<param name="posx" value="940" />
				<param name="up_posy" value="-120" />
				<param name="down_posy" value="570" />
			</include>
			<control type="button" id="1000">
				<description>button template</description>
				<textoffsety>11</textoffsety>
				<left>25</left>
				<!-- <top></top> -->
				<width>446</width>
				<height>70</height>
				<align>center</align>
				<aligny>left</aligny>
				<font>font32</font>
				<textcolor>darkgrey</textcolor>
				<focusedcolor>focused_text</focusedcolor>
				<texturefocus colordiffuse="button_focus">masks/focus.png</texturefocus>
				<texturenofocus />
			</control>
		</control>
	</controls>
</window>
