<?xml version="1.0" encoding="UTF-8"?>
<window>
	<defaultcontrol always="true">450</defaultcontrol>
	<include>Animation_DialogPopupOpenClose</include>
	<controls>
		<control type="group">
			<centerleft>50%</centerleft>
			<centertop>47%</centertop>
			<width>1050</width>
			<height>850</height>
			<include content="DialogBackgroundCommons">
				<param name="header_label" value="" />
				<param name="header_id" value="411" />
			</include>
			<control type="grouplist" id="9000">
				<animation condition="Control.HasFocus(450) | Control.HasFocus(451) | Control.HasFocus(60)">
					<effect type="fade" start="100" end="0" time="300" tween="cubic" easing="in"/>
					<effect type="slide" start="0,0" end="200,0" time="300" tween="cubic" easing="in" />
				</animation>
				<left>990</left>
				<top>95</top>
				<width>400</width>
				<height>400</height>
				<itemgap>dialogbuttons_itemgap</itemgap>
				<orientation>vertical</orientation>
				<onleft>450</onleft>
				<onright>60</onright>
				<onup>9000</onup>
				<ondown>9000</ondown>
				<include content="DefaultDialogButton">
					<param name="id" value="413" />
					<param name="label" value="$LOCALIZE[186]" />
				</include>
				<include content="DefaultDialogButton">
					<param name="id" value="414" />
					<param name="label" value="$LOCALIZE[222]" />
				</include>
				<include content="DefaultDialogButton">
					<param name="id" value="415" />
					<param name="label" value="$LOCALIZE[119]" />
					<param name="visible" value="Control.IsEnabled(415)" />
				</include>
				<include content="DefaultDialogButton">
					<param name="id" value="416" />
					<param name="label" value="$LOCALIZE[749]" />
					<param name="visible" value="Control.IsEnabled(416)" />
				</include>
			</control>
			<control type="image">
				<animation condition="![Control.HasFocus(450) | Control.HasFocus(451) | Control.HasFocus(60)]">
					<effect type="fade" start="100" end="0" time="300" tween="cubic" easing="in"/>
					<effect type="slide" start="0,0" end="200,0" time="300" tween="cubic" easing="in" />
				</animation>
				<left>1010</left>
				<top>275</top>
				<width>397</width>
				<height>580</height>
				<aspectratio aligny="top">keep</aspectratio>
				<bordersize>4</bordersize>
				<texture colordiffuse="darkgrey" border="4" background="true">$INFO[ListItem.Icon]</texture>
			</control>
			<control type="panel" id="450">
				<left>20</left>
				<top>100</top>
				<width>940</width>
				<height>760</height>
				<onleft>60</onleft>
				<onright>9000</onright>
				<onup>450</onup>
				<ondown>450</ondown>
				<pagecontrol>60</pagecontrol>
				<scrolltime>200</scrolltime>
				<itemlayout height="75" width="940">
					<control type="image">
						<left>35</left>
						<top>10</top>
						<width>50</width>
						<height>50</height>
						<texture colordiffuse="darkgrey">$INFO[ListItem.Icon]</texture>
						<aspectratio>keep</aspectratio>
					</control>
					<control type="label">
						<left>100</left>
						<top>0</top>
						<right>20</right>
						<height>70</height>
						<aligny>left</aligny>
						<textoffsety>12</textoffsety>
						<selectedcolor>green</selectedcolor>
						<label>$INFO[ListItem.Label]</label>
						<font>font32</font>
						<textcolor>unfocused_text</textcolor>
					</control>
				</itemlayout>
				<focusedlayout height="75" width="940">
					<control type="image">
						<left>25</left>
						<top>0</top>
						<right>0</right>
						<height>71</height>
						<visible>Control.HasFocus(450)</visible>
						<texture colordiffuse="button_focus">masks/focus-long.png</texture>
					</control>
					<control type="image">
						<left>35</left>
						<top>10</top>
						<width>50</width>
						<height>50</height>
						<texture colordiffuse="focused_text">$INFO[ListItem.Icon]</texture>
						<aspectratio>keep</aspectratio>
					</control>
					<control type="label">
						<left>100</left>
						<top>0</top>
						<right>20</right>
						<height>70</height>
						<aligny>left</aligny>
						<textoffsety>12</textoffsety>
						<selectedcolor>green</selectedcolor>
						<label>$INFO[ListItem.Label]</label>
						<font>font32</font>
						<textcolor>focused_text</textcolor>
					</control>
				</focusedlayout>
			</control>
			<control type="panel" id="451">
				<left>20</left>
				<top>100</top>
				<width>940</width>
				<height>760</height>
				<onleft>60</onleft>
				<onright>9000</onright>
				<onup>451</onup>
				<ondown>451</ondown>
				<pagecontrol>60</pagecontrol>
				<scrolltime>200</scrolltime>
				<itemlayout height="75" width="940">
					<control type="image">
						<left>35</left>
						<top>10</top>
						<width>50</width>
						<height>50</height>
						<texture colordiffuse="darkgrey">$INFO[ListItem.Icon]</texture>
						<aspectratio>keep</aspectratio>
					</control>
					<control type="label">
						<left>100</left>
						<top>0</top>
						<right>20</right>
						<height>70</height>
						<aligny>left</aligny>
						<textoffsety>12</textoffsety>
						<selectedcolor>green</selectedcolor>
						<label>$INFO[ListItem.Label]</label>
						<font>font32</font>
						<textcolor>darkgrey</textcolor>
					</control>
				</itemlayout>
				<focusedlayout height="75" width="940">
					<control type="image">
						<left>25</left>
						<top>0</top>
						<right>0</right>
						<height>71</height>
						<visible>Control.HasFocus(451)</visible>
						<texture colordiffuse="button_focus">masks/focus-long.png</texture>
					</control>
					<control type="image">
						<left>35</left>
						<top>10</top>
						<width>50</width>
						<height>50</height>
						<texture colordiffuse="focused_text">$INFO[ListItem.Icon]</texture>
						<aspectratio>keep</aspectratio>
					</control>
					<control type="label">
						<left>100</left>
						<top>0</top>
						<right>20</right>
						<height>70</height>
						<aligny>left</aligny>
						<textoffsety>12</textoffsety>
						<selectedcolor>green</selectedcolor>
						<label>$INFO[ListItem.Label]</label>
						<font>font32</font>
						<textcolor>focused_text</textcolor>
					</control>
				</focusedlayout>
			</control>
			<control type="scrollbar" id="60">
				<left>20</left>
				<top>100</top>
				<width>12</width>
				<height>746</height>
				<onleft>9000</onleft>
				<onright>451</onright>
				<orientation>vertical</orientation>
			</control>
			<control type="label" id="412">
				<description>Path label</description>
				<left>65</left>
				<bottom>-37</bottom>
				<width>595</width>
				<height>30</height>
				<haspath>true</haspath>
				<font>font13</font>
				<aligny>bottom</aligny>
				<textcolor>grey</textcolor>
			</control>
			<control type="label">
				<left>790</left>
				<bottom>-37</bottom>
				<width>1270</width>
				<height>30</height>
				<align>left</align>
				<aligny>bottom</aligny>
				<textcolor>grey</textcolor>
				<font>font13</font>
				<label>$VAR[FileBrowserSelectLabel]</label>
			</control>
		</control>
		<include content="UpDownArrows">
			<param name="container_id" value="450" />
			<param name="posx" value="830" />
			<param name="up_posy" value="50" />
			<param name="down_posy" value="980" />
			<param name="visible" value="!System.HasActiveModalDialog" />
		</include>
	</controls>
</window>
