<?xml version="1.0" encoding="UTF-8"?>
<includes>
	<include name="OSDButton">
		<textureradioonfocus colordiffuse="focused_text">$PARAM[texture]</textureradioonfocus>
		<textureradioonnofocus colordiffuse="unfocused_text">$PARAM[texture]</textureradioonnofocus>
		<textureradioofffocus colordiffuse="focused_text">$PARAM[texture]</textureradioofffocus>
		<textureradiooffnofocus colordiffuse="unfocused_text">$PARAM[texture]</textureradiooffnofocus>
		<textureradioondisabled colordiffuse="disabled">$PARAM[texture]</textureradioondisabled>
		<textureradiooffdisabled colordiffuse="disabled">$PARAM[texture]</textureradiooffdisabled>
		<texturefocus colordiffuse="button_focus">osd/fullscreen/buttons/button-fo.png</texturefocus>
		<width>76</width>
		<animation center="38,38" effect="zoom" end="100" reversible="false" start="95" time="480" tween="back">Focus</animation>
		<height>76</height>
		<radiowidth>74</radiowidth>
		<radioheight>74</radioheight>
		<font></font>
		<texturenofocus />
		<radioposx>1</radioposx>
		<radioposy>0</radioposy>
	</include>
	<include name="PlayerButton">
		<width>48</width>
		<height>48</height>
		<textcolor>osd_grey</textcolor>
		<focusedcolor>osd_light</focusedcolor>
		<disabledcolor>osd_dark</disabledcolor>
		<font>PlayerIcon</font>
		<align>left</align>
		<aligny>top</aligny>
		<textoffsetx>4</textoffsetx>
		<textoffsety>4</textoffsety>
		<texturefocus border="3" colordiffuse="accent_color">osd/Button.png</texturefocus>
		<alttexturefocus border="3" colordiffuse="accent_color">osd/Button.png</alttexturefocus>
	</include>
	<include name="DefaultSettingButton">
		<param name="height">70</param>
		<param name="right">25</param>
		<param name="textoffsetx">40</param>
		<param name="textoffsety">12</param>
		<definition>
			<textoffsetx>$PARAM[textoffsetx]</textoffsetx>
			<textoffsety>$PARAM[textoffsety]</textoffsety>
			<top>0</top>
			<height>$PARAM[height]</height>
			<right>$PARAM[right]</right>
			<aligny>left</aligny>
			<invalidcolor>invalid</invalidcolor>
			<selectedcolor>selected</selectedcolor>
			<font>font32</font>
			<textcolor>unfocused_text</textcolor>
			<focusedcolor>focused_text</focusedcolor>
			<texturefocus colordiffuse="button_focus">masks/focus-long.png</texturefocus>
			<texturenofocus />
		</definition>
	</include>
	<include name="DefaultAddonSettingsButton">
		<param name="height">70</param>
		<param name="right">25</param>
		<param name="textoffsetx">40</param>
		<param name="textoffsety">12</param>
		<definition>
			<textoffsetx>$PARAM[textoffsetx]</textoffsetx>
			<textoffsety>$PARAM[textoffsety]</textoffsety>
			<top>0</top>
			<height>$PARAM[height]</height>
			<right>$PARAM[right]</right>
			<aligny>left</aligny>
			<invalidcolor>invalid</invalidcolor>
			<selectedcolor>selected</selectedcolor>
			<font>font32</font>
			<textcolor>darkgrey</textcolor>
			<focusedcolor>focused_text</focusedcolor>
			<texturefocus colordiffuse="button_focus">masks/focus-long.png</texturefocus>
			<texturenofocus />
		</definition>
	</include>
	<include name="DefaultSystemSettingsButton">
		<param name="height">70</param>
		<param name="right">25</param>
		<param name="textoffsetx">40</param>
		<definition>
			<textoffsetx>$PARAM[textoffsetx]</textoffsetx>
			<top>0</top>
			<height>$PARAM[height]</height>
			<right>$PARAM[right]</right>
			<aligny>center</aligny>
			<textcolor>unfocused_text</textcolor>
			<focusedcolor>focused_text</focusedcolor>
			<font>font37</font>
			<invalidcolor>invalid</invalidcolor>
			<selectedcolor>selected</selectedcolor>
			<texturefocus colordiffuse="button_focus">masks/focus.png</texturefocus>
			<texturenofocus />
		</definition>
	</include>
	<include name="DialogSettingButton">
		<param name="height">70</param>
		<param name="textoffsetx">40</param>
		<param name="textoffsety">11</param>
		<definition>
			<textoffsetx>$PARAM[textoffsetx]</textoffsetx>
			<textoffsety>$PARAM[textoffsety]</textoffsety>
			<top>0</top>
			<height>$PARAM[height]</height>
			<aligny>left</aligny>
			<font>font14</font>
			<invalidcolor>invalid</invalidcolor>
			<selectedcolor>selected</selectedcolor>
			<texturefocus colordiffuse="button_focus">masks/focus.png</texturefocus>
			<texturenofocus colordiffuse="00FFFFFF">colors/white.png</texturenofocus>
		</definition>
	</include>
	<include name="DefaultSettingLabel">
		<left>0</left>
		<top>0</top>
		<height>75</height>
		<label></label>
		<align>center</align>
		<aligny>center</aligny>
		<font>font25_title</font>
		<textcolor>grey</textcolor>
	</include>
	<include name="SettingsItemCommon">
		<texturenofocus border="40" colordiffuse="button_focus2">buttons/dialogbutton-nofo.png</texturenofocus>
		<texturefocus border="40" colordiffuse="button_focus">buttons/dialogbutton-fo.png</texturefocus>
		<height>100</height>
		<aligny>center</aligny>
		<textoffsetx>40</textoffsetx>
		<alttexturefocus border="40" colordiffuse="button_focus">buttons/dialogbutton-fo.png</alttexturefocus>
		<alttexturenofocus border="40" colordiffuse="button_focus2">buttons/dialogbutton-nofo.png</alttexturenofocus>
	</include>
	<include name="SettingsLabelCommon">
		<height>50</height>
		<font>font12</font>
		<textoffsetx>30</textoffsetx>
		<textoffsety>10</textoffsety>
		<textcolor>button_focus</textcolor>
	</include>
	<include name="DefaultDialogButton">
		<param name="width">250</param>
		<param name="height">67</param>
		<param name="wrapmultiline">false</param>
		<param name="font">font27_title</param>
		<param name="onclick"></param>
		<param name="visible">true</param>
		<definition>
			<control type="button" id="$PARAM[id]">
				<width>$PARAM[width]</width>
				<height>$PARAM[height]</height>
				<label>$PARAM[label]</label>
				<font>$PARAM[font]</font>
				<textoffsetx>20</textoffsetx>
				<textoffsety>12</textoffsety>
				<onclick>$PARAM[onclick]</onclick>
				<wrapmultiline>$PARAM[wrapmultiline]</wrapmultiline>
				<align>center</align>
				<textcolor>darkgrey</textcolor>
				<focusedcolor>focused_text</focusedcolor>
				<texturefocus colordiffuse="button_focus">masks/focus.png</texturefocus>
				<texturenofocus/>
				<!-- <texturenofocus colordiffuse="dialog_bg">buttons/dnfo.png</texturenofocus> -->
				<visible>$PARAM[visible]</visible>
			</control>
		</definition>
	</include>
	<include name="KeyboardButton">
		<width>120</width>
		<height>120</height>
		<textoffsety>27</textoffsety>
		<texturefocus colordiffuse="button_focus">buttons/roundbutton-fo.png</texturefocus>
		<texturenofocus />
		<textcolor>darkgrey</textcolor>
		<focusedcolor>focused_text</focusedcolor>
		<align>center</align>
		<aligny>top</aligny>
		<font>font45</font>
	</include>
	<include name="PlaylistWindowButton">
		<param name="width">100%</param>
		<definition>
			<control type="button" id="$PARAM[control_id]">
				<width>$PARAM[width]</width>
				<height>110</height>
				<align>left</align>
				<aligny>top</aligny>
				<texturefocus colordiffuse="button_focus">masks/focus.png</texturefocus>
				<texturenofocus />
				<textoffsetx>40</textoffsetx>
				<textoffsety>35</textoffsety>
				<label>$PARAM[label]</label>
				<onclick>$PARAM[onclick]</onclick>
				<selectedcolor>white</selectedcolor>
			</control>
		</definition>
	</include>
	<include name="IconButton">
		<param name="height">120</param>
		<param name="visible">true</param>
		<definition>
			<control type="radiobutton" id="$PARAM[control_id]">
				<width>120</width>
				<height>$PARAM[height]</height>
				<align>center</align>
				<aligny>center</aligny>
				<onclick>$PARAM[onclick]</onclick>
				<onclick>$PARAM[onclick_2]</onclick>
				<font></font>
				<label>$PARAM[label]</label>
				<texturefocus colordiffuse="button_focus">buttons/roundbutton-fo.png</texturefocus>
				<texturenofocus />
				<radioposx>40</radioposx>
				<radioposy>0</radioposy>
				<radiowidth>40</radiowidth>
				<radioheight>40</radioheight>
				<textureradioonfocus colordiffuse="focused_text">$PARAM[icon]</textureradioonfocus>
				<textureradioonnofocus colordiffuse="grey">$PARAM[icon]</textureradioonnofocus>
				<textureradioofffocus colordiffuse="focused_text">$PARAM[icon]</textureradioofffocus>
				<textureradiooffnofocus colordiffuse="grey">$PARAM[icon]</textureradiooffnofocus>
				<visible>$PARAM[visible]</visible>
			</control>
		</definition>
	</include>
	<include name="BottomMainMenuToggleItem">
		<param name="height">120</param>
		<definition>
			<control type="radiobutton" id="$PARAM[control_id]">
				<width>120</width>
				<height>$PARAM[height]</height>
				<align>center</align>
				<aligny>center</aligny>
				<onclick>$PARAM[onclick]</onclick>
				<font></font>
				<label>$PARAM[label]</label>
				<texturefocus colordiffuse="button_focus">buttons/roundbutton-fo.png</texturefocus>
				<texturenofocus />
				<radioposx>40</radioposx>
				<radioposy>0</radioposy>
				<radiowidth>40</radiowidth>
				<radioheight>40</radioheight>
				<textureradioonfocus>$PARAM[icon_on]</textureradioonfocus>
				<textureradioonnofocus colordiffuse="grey">$PARAM[icon_on]</textureradioonnofocus>
				<textureradioofffocus>$PARAM[icon_off]</textureradioofffocus>
				<textureradiooffnofocus colordiffuse="grey">$PARAM[icon_off]</textureradiooffnofocus>
				<selected>$PARAM[selected]</selected>
			</control>
		</definition>
	</include>
	<include name="InfoDialogButton">
		<!-- 262 -->
		<param name="width">220</param>
		<param name="onclick_1_condition">true</param>
		<param name="onclick_2_condition">true</param>
		<param name="onclick_3_condition">true</param>
		<definition>
			<control type="radiobutton" id="$PARAM[id]">
				<width>$PARAM[width]</width>
				<height>130</height>
				<align>center</align>
				<aligny>top</aligny>
				<textcolor>unfocused_text</textcolor>
				<focusedcolor>focused_text</focusedcolor>
				<texturefocus colordiffuse="button_focus">masks/landscape.png</texturefocus>
				<texturenofocus colordiffuse="button_focus2">masks/landscape-unfocused.png</texturenofocus>
				<textoffsetx>22</textoffsetx>
				<textoffsety>78</textoffsety>
				<radioposx>87</radioposx>
				<radioposy>16</radioposy>
				<radiowidth>48</radiowidth>
				<font>font12</font>
				<textureradioonfocus colordiffuse="focused_text">$PARAM[icon]</textureradioonfocus>
				<textureradioonnofocus colordiffuse="unfocused_text">$PARAM[icon]</textureradioonnofocus>
				<textureradioofffocus colordiffuse="focused_text">$PARAM[icon]</textureradioofffocus>
				<textureradiooffnofocus colordiffuse="unfocused_text">$PARAM[icon]</textureradiooffnofocus>
				<textureradiooffdisabled colordiffuse="disabled">$PARAM[icon]</textureradiooffdisabled>
				<textureradioondisabled colordiffuse="disabled">$PARAM[icon]</textureradioondisabled>
				<label>$PARAM[label]</label>
				<onclick condition="$PARAM[onclick_1_condition]">$PARAM[onclick_1]</onclick>
				<onclick condition="$PARAM[onclick_2_condition]">$PARAM[onclick_2]</onclick>
				<onclick condition="$PARAM[onclick_3_condition]">$PARAM[onclick_3]</onclick>
				<visible>$PARAM[visible]</visible>
				<animation effect="fade" start="100" end="0" time="300" delay="300">Hidden</animation>
			</control>
		</definition>
	</include>
	<include name="InfoDialogToggleButton">
		<param name="width">220</param>
		<definition>
			<control type="radiobutton" id="$PARAM[id]">
				<width>$PARAM[width]</width>
				<height>130</height>
				<align>center</align>
				<aligny>top</aligny>
				<textcolor>unfocused_text</textcolor>
				<focusedcolor>focused_text</focusedcolor>
				<texturefocus colordiffuse="button_focus">masks/landscape.png</texturefocus>
				<texturenofocus colordiffuse="button_focus2">masks/landscape-unfocused.png</texturenofocus>
				<textoffsetx>35</textoffsetx>
				<textoffsety>78</textoffsety>
				<radioposx>87</radioposx>
				<radioposy>16</radioposy>
				<radiowidth>48</radiowidth>
				<font>font12</font>
				<textureradioonfocus colordiffuse="focused_text">$PARAM[icon_on]</textureradioonfocus>
				<textureradioonnofocus colordiffuse="unfocused_text">$PARAM[icon_on]</textureradioonnofocus>
				<textureradioofffocus colordiffuse="focused_text">$PARAM[icon_off]</textureradioofffocus>
				<textureradiooffnofocus colordiffuse="unfocused_text">$PARAM[icon_off]</textureradiooffnofocus>
				<textureradiooffdisabled colordiffuse="disabled">$PARAM[icon_off]</textureradiooffdisabled>
				<textureradioondisabled colordiffuse="disabled">$PARAM[icon_on]</textureradioondisabled>
				<selected>$PARAM[selected]</selected>
				<label>$PARAM[label]</label>
				<onclick>$PARAM[onclick_1]</onclick>
				<onclick>$PARAM[onclick_2]</onclick>
				<visible>$PARAM[visible]</visible>
			</control>
		</definition>
	</include>
	<include name="ButtonMenuList">
		<left>0</left>
		<top>65</top>
		<width>496</width>
		<height>600</height>
		<onleft>9000</onleft>
		<onright>9000</onright>
		<onup>9000</onup>
		<ondown>9000</ondown>
		<orientation>vertical</orientation>
		<itemlayout height="70" width="496">
			<control type="label">
				<left>0</left>
				<textoffsetx>20</textoffsetx>
				<top>23</top>
				<width>496</width>
				<height>70</height>
				<align>center</align>
				<aligny>center</aligny>
				<textcolor>darkgrey</textcolor>
				<label>$INFO[ListItem.Label]</label>
				<font>font32</font>
			</control>
		</itemlayout>
		<focusedlayout height="70" width="496">
			<control type="image">
				<left>25</left>
				<top>25</top>
				<width>446</width>
				<height>70</height>
				<texture colordiffuse="button_focus">masks/focus.png</texture>
			</control>
			<control type="label">
				<left>0</left>
				<textoffsetx>20</textoffsetx>
				<top>23</top>
				<width>496</width>
				<height>70</height>
				<align>center</align>
				<aligny>center</aligny>
				<label>$INFO[ListItem.Label]</label>
				<font>font32</font>
				<textcolor>focused_text</textcolor>
			</control>
		</focusedlayout>
	</include>
</includes>
