<?xml version="1.0" encoding="UTF-8"?>
<window>
  <defaultcontrol>700</defaultcontrol>
  <onload condition="!VideoPlayer.Content(livetv)">SetFocus(703)</onload>
  <onload condition="VideoPlayer.Content(livetv)">SetFocus(704)</onload>
  <onunload>ClearProperty(LanguageNotification,home)</onunload>
  <controls>
    <control type="label">
      <top>0</top>
      <height>100</height>
      <font>Font30</font>
      <textcolor>osd_light</textcolor>
      <label>$INFO[VideoPlayer.AudioStreamCount]</label>
    </control>
    <!-- <include content="OSDBackground"/> -->
    <include content="OSDInfo"/>
    <control type="group">
      <bottom>0</bottom>
      <height>220</height>
      <include content="Seekbar"/>
      <control type="grouplist" id="700">
        <top>120</top>
        <height>48</height>
        <left>0</left>
        <width>100%</width>
        <itemgap>8</itemgap>
        <orientation>horizontal</orientation>
        <align>center</align>
        <onleft>715</onleft>
        <onright>708</onright>
        <control type="button" id="701">
          <visible>Player.HasSceneMarkers | Player.ChapterCount | Integer.IsGreater(Playlist.Length(video),1) | [Player.SeekEnabled + VideoPlayer.Content(livetv)]</visible>
          <include>PlayerButton</include>
          <label>&#xf141;</label>
          <onclick>PlayerControl(Previous)</onclick>
        </control>
        <control type="button" id="702">
          <include>PlayerButton</include>
          <label>&#xf087;</label>
          <onclick>PlayerControl(Rewind)</onclick>
          <visible>[Player.SeekEnabled + !VideoPlayer.Content(livetv)] + !Player.Paused</visible>
        </control>
        <control type="togglebutton" id="703">
          <include>PlayerButton</include>
          <label>&#xefd9;</label>
          <altlabel>&#xf012;</altlabel>
          <usealttexture>Player.Paused | Player.Forwarding | Player.Rewinding</usealttexture>
          <onclick>PlayerControl(Play)</onclick>
          <visible>Player.PauseEnabled</visible>
        </control>
        <control type="button" id="704">
          <include>PlayerButton</include>
          <label>&#xf1a2;</label>
          <onclick>PlayerControl(Stop)</onclick>
        </control>
        <control type="button" id="705">
          <include>PlayerButton</include>
          <label>&#xf178;</label>
          <onclick>PlayerControl(Forward)</onclick>
          <visible>[Player.SeekEnabled + !VideoPlayer.Content(livetv)] + !Player.Paused</visible>
        </control>
        <control type="button" id="706">
          <include>PlayerButton</include>
          <label>&#xf145;</label>
          <onclick>PlayerControl(Next)</onclick>
          <visible>Player.HasSceneMarkers | Player.ChapterCount | Integer.IsGreater(Playlist.Length(video),1) | PVR.IsTimeShift</visible>
        </control>
      </control>
      <control type="grouplist" id="707">
        <top>120</top>
        <height>96</height>
        <left>430</left>
        <width>100%</width>
        <itemgap>55</itemgap>
        <orientation>horizontal</orientation>
        <align>center</align>
        <onleft>703</onleft>
        <onright>701</onright>
        <control type="grouplist">
          <orientation>vertical</orientation>
          <align>center</align>
          <itemgap>-3</itemgap>
          <visible>!VideoPlayer.Content(livetv)</visible>
          <control type="button" id="708">
            <font>PlayerIconSmall</font>
            <textoffsety>7</textoffsety>
            <align>center</align>
            <include>PlayerButton</include>
            <label>&#xef84;</label>
            <onclick>SetProperty(LanguageNotification,true,home)</onclick>
            <onunfocus>ClearProperty(LanguageNotification,home)</onunfocus>
            <onclick>AudioNextLanguage</onclick>
            <onleft condition="Control.IsVisible(703)">703</onleft>
            <onleft condition="!Control.IsVisible(703)">704</onleft>
            <onright>709</onright>
          </control>
          <control type="label">
            <top>0</top>
            <left>0</left>
            <height>48</height>
            <width>48</width>
            <font>Font22</font>
            <align>center</align>
            <label>[CAPITALIZE]$INFO[VideoPlayer.AudioLanguage][/CAPITALIZE]</label>
          </control>
        </control>
        <control type="grouplist">
          <orientation>vertical</orientation>
          <align>center</align>
          <itemgap>-3</itemgap>
          <visible>!VideoPlayer.Content(livetv)</visible>
          <control type="button" id="709">
            <font>PlayerIconSmall</font>
            <textoffsety>7</textoffsety>
            <align>center</align>
            <include>PlayerButton</include>
            <label>&#xef43;</label>
            <onclick>SetProperty(LanguageNotification,true,home)</onclick>
            <onunfocus>ClearProperty(LanguageNotification,home)</onunfocus>
            <onclick>NextSubtitle</onclick>
            <onleft>708</onleft>
            <onright>710</onright>
          </control>
          <control type="label">
            <top>0</top>
            <left>0</left>
            <height>48</height>
            <width>48</width>
            <font>Font22</font>
            <align>center</align>
            <label>[CAPITALIZE]$VAR[VideoPlayerSubtitleLanguage][/CAPITALIZE]</label>
          </control>
        </control>
        <control type="grouplist">
          <orientation>vertical</orientation>
          <align>center</align>
          <itemgap>-3</itemgap>
          <visible>!VideoPlayer.Content(livetv)</visible>
          <control type="button" id="710">
            <font>PlayerIconSmall</font>
            <textoffsety>7</textoffsety>
            <align>center</align>
            <include>PlayerButton</include>
            <label>&#xf448;</label>
            <onclick>Skin.ToggleSetting(Enable.OSDInfo)</onclick>
            <onleft>709</onleft>
            <onright>711</onright>
          </control>
          <control type="label">
            <top>0</top>
            <left>0</left>
            <height>48</height>
            <width>48</width>
            <font>Font22</font>
            <align>center</align>
            <label>[CAPITALIZE]$VAR[OSDInfoToggle][/CAPITALIZE]</label>
          </control>
        </control>
        <control type="grouplist">
          <orientation>vertical</orientation>
          <align>center</align>
          <itemgap>-3</itemgap>
          <visible>!VideoPlayer.Content(livetv) + !Player.Paused</visible>
          <control type="togglebutton" id="711">
            <font>PlayerIconSmall</font>
            <textoffsety>7</textoffsety>
            <align>center</align>
            <include>PlayerButton</include>
            <label>&#xEB60;</label>
            <onclick>Dialog.Close(VideoOSD)</onclick>
            <onclick>SubTitleDelay</onclick>
            <onleft>710</onleft>
            <onright>712</onright>
          </control>
          <control type="label">
            <top>0</top>
            <left>0</left>
            <height>48</height>
            <width>48</width>
            <font>Font22</font>
            <align>center</align>
            <label></label>
          </control>
        </control>
        <control type="grouplist">
          <orientation>vertical</orientation>
          <align>center</align>
          <itemgap>-3</itemgap>
          <visible>!VideoPlayer.Content(livetv)</visible>
          <control type="button" id="712">
            <font>PlayerIconSmall</font>
            <textoffsety>7</textoffsety>
            <align>center</align>
            <include>PlayerButton</include>
            <label>&#xeae4;</label>
            <onclick>ActivateWindow(videobookmarks)</onclick>
            <onleft>711</onleft>
            <onright>713</onright>
          </control>
          <control type="label">
            <top>0</top>
            <left>0</left>
            <height>48</height>
            <width>48</width>
            <font>Font22</font>
            <align>center</align>
            <label></label>
          </control>
        </control>
        <control type="grouplist">
          <orientation>vertical</orientation>
          <align>center</align>
          <itemgap>-3</itemgap>
          <visible>VideoPlayer.Content(livetv)</visible>
          <control type="button" id="713">
            <font>PlayerIconSmall</font>
            <textoffsety>7</textoffsety>
            <align>center</align>
            <include>PlayerButton</include>
            <label>&#xECF0;</label>
            <onclick>Dialog.Close(VideoOSD)</onclick>
            <onclick>ActivateWindow(PVROSDChannels)</onclick>
            <onleft>712</onleft>
            <onright>714</onright>
          </control>
          <control type="label">
            <top>0</top>
            <left>0</left>
            <height>48</height>
            <width>48</width>
            <font>Font22</font>
            <align>center</align>
            <label></label>
          </control>
        </control>
        <control type="grouplist">
          <orientation>vertical</orientation>
          <align>center</align>
          <itemgap>-3</itemgap>
          <visible>VideoPlayer.Content(livetv) + VideoPlayer.HasEPG</visible>
          <control type="button" id="714">
            <font>PlayerIconSmall</font>
            <textoffsety>7</textoffsety>
            <align>center</align>
            <include>PlayerButton</include>
            <label>&#xF3F2;</label>
            <onclick>Dialog.Close(VideoOSD)</onclick>
						<onclick>ActivateWindow(pvrchannelguide)</onclick>
            <onleft>713</onleft>
            <onright>715</onright>
          </control>
          <control type="label">
            <top>0</top>
            <left>0</left>
            <height>48</height>
            <width>48</width>
            <font>Font22</font>
            <align>center</align>
            <label></label>
          </control>
        </control>
        <control type="grouplist">
          <orientation>vertical</orientation>
          <align>center</align>
          <itemgap>-3</itemgap>
          <control type="button" id="715">
            <font>PlayerIconSmall</font>
            <textoffsety>7</textoffsety>
            <align>center</align>
            <include>PlayerButton</include>
            <label>&#xf0e7;</label>
            <onclick>SetProperty(settingslist_content,osd,home)</onclick>
            <onclick>SetProperty(settingslist_header,$LOCALIZE[5],home)</onclick>
            <onclick>ActivateWindow(1101)</onclick>
            <onleft>714</onleft>
            <onright condition="Control.IsVisible(703)">703</onright>
            <onright condition="!Control.IsVisible(703)">704</onright>
          </control>
          <control type="label">
            <top>0</top>
            <left>0</left>
            <height>48</height>
            <width>48</width>
            <font>Font22</font>
            <align>center</align>
            <label></label>
          </control>
        </control>
      </control>
    </control>
  </controls>
</window>

<!-- <control type="grouplist" id="202">
    <height>100</height>
    <width>FullScreenWidth</width>
    <align>center</align>
    <itemgap>0</itemgap>
    <orientation>horizontal</orientation>
    <onup>700</onup>
    <ondown>719</ondown>
    <onleft>202</onleft>
    <onright>202</onright>
    <control type="button" id="700">
        <label>k</label>
        <align>center</align>
        <width>100</width>
        <height>100</height>
        <font>IconMedium</font>
        <onclick>ActivateWindow(osdaudiosettings)</onclick>
    </control>
    <control type="button" id="701">
        <label>j</label>
        <align>center</align>
        <width>100</width>
        <height>100</height>
        <font>IconMedium</font>
        <onclick>ActivateWindow(osdvideosettings)</onclick>
    </control>
    <control type="button" id="720">
        <label>e</label>
        <align>center</align>
        <width>100</width>
        <height>100</height>
        <font>IconMedium</font>
        <onclick>ActivateWindow(osdcmssettings)</onclick>
        <visible>System.HasCMS</visible>
    </control>
    <control type="button" id="702">
        <label>Q</label>
        <align>center</align>
        <width>100</width>
        <height>100</height>
        <font>IconMedium</font>
        <onclick>ActivateWindow(videobookmarks)</onclick>
        <visible>!VideoPlayer.Content(livetv)</visible>
    </control>
    <control type="button" id="703">
        <label>c</label>
        <align>center</align>
        <width>100</width>
        <height>100</height>
        <font>IconMedium</font>
        <onclick>PlayerControl(Previous)</onclick>
        <visible>VideoPlayer.Content(livetv)</visible>
    </control>
    <control type="button" id="704">
        <label>d</label>
        <align>center</align>
        <width>100</width>
        <height>100</height>
        <font>IconMedium</font>
        <onclick>PlayerControl(Next)</onclick>
        <visible>VideoPlayer.Content(livetv)</visible>
    </control>
    <control type="button" id="705">
        <label>g</label>
        <align>center</align>
        <width>100</width>
        <height>100</height>
        <font>IconSmall</font>
        <onclick>PlayerControl(Previous)</onclick>
        <visible>!VideoPlayer.Content(livetv)</visible>
    </control>
    <control type="button" id="706">
        <label>H</label>
        <textoffsetx>32</textoffsetx>
        <width>100</width>
        <height>100</height>
        <font>IconSmall</font>
        <onclick>PlayerControl(Rewind)</onclick>
        <visible>Player.SeekEnabled</visible>
    </control>
    <control type="togglebutton" id="707">
        <label>K</label>
        <altlabel>I</altlabel>
        <align>center</align>
        <width>100</width>
        <height>100</height>
        <font>IconSmall</font>
        <usealttexture>Player.Paused | Player.Forwarding | Player.Rewinding</usealttexture>
        <onclick>PlayerControl(Play)</onclick>
        <visible>Player.PauseEnabled</visible>
    </control>
    <control type="button" id="708">
        <label>J</label>
        <align>center</align>
        <width>100</width>
        <height>100</height>
        <font>IconSmall</font>
        <onclick>PlayerControl(Stop)</onclick>
    </control>
    <control type="button" id="709">
        <label>G</label>
        <align>right</align>
        <textoffsetx>32</textoffsetx>
        <width>100</width>
        <height>100</height>
        <font>IconSmall</font>
        <onclick>PlayerControl(Forward)</onclick>
        <visible>Player.SeekEnabled</visible>
    </control>
    <control type="button" id="710">
        <label>f</label>
        <align>center</align>
        <width>100</width>
        <height>100</height>
        <font>IconSmall</font>
        <onclick>PlayerControl(Next)</onclick>
        <visible>!VideoPlayer.Content(livetv)</visible>
    </control>
    <control type="button" id="711">
        <label>V</label>
        <align>center</align>
        <width>100</width>
        <height>100</height>
        <font>IconMedium</font>
        <onclick>PlayerControl(tempodown)</onclick>
        <visible>Player.TempoEnabled</visible>
    </control>
    <control type="button" id="712">
        <label>U</label>
        <align>center</align>
        <width>100</width>
        <height>100</height>
        <font>IconMedium</font>
        <onclick>PlayerControl(tempoup)</onclick>
        <visible>Player.TempoEnabled</visible>
    </control>
    <control type="button" id="713">
        <label></label>
        <align>center</align>
        <width>100</width>
        <height>100</height>
        <font>IconSmall</font>
        <onclick>PlayerControl(ShowVideoMenu)</onclick>
        <visible>VideoPlayer.HasMenu + !VideoPlayer.Content(livetv)</visible>
    </control>
    <control type="button" id="714">
        <label>Z</label>
        <align>center</align>
        <width>100</width>
        <height>100</height>
        <font>IconMedium</font>
        <onclick>StereoMode</onclick>
        <visible>VideoPlayer.IsStereoscopic</visible>
    </control>
    <control type="togglebutton" id="10">
        <label>T</label>
        <altlabel>T</altlabel>
        <textcolor>$VAR[ColorRecordingVar]</textcolor>
        <align>center</align>
        <width>100</width>
        <height>100</height>
        <font>IconMedium</font>
        <onclick>PVR.ToggleRecordPlayingChannel</onclick>
        <enable>PVR.CanRecordPlayingChannel</enable>
        <usealttexture>PVR.IsRecordingPlayingChannel</usealttexture>
        <visible>VideoPlayer.Content(livetv)</visible>
    </control>
    <control type="button" id="715">
        <label>C</label>
        <align>center</align>
        <width>100</width>
        <height>100</height>
        <font>IconMedium</font>
        <onclick>ActivateWindow(PVROSDChannels)</onclick>
        <onclick>Dialog.Close(VideoOSD)</onclick>
        <visible>VideoPlayer.Content(livetv)</visible>
    </control>
    <control type="button" id="716">
        <label>Y</label>
        <align>center</align>
        <width>100</width>
        <height>100</height>
        <font>IconSmall</font>
        <onclick>Close</onclick>
        <onclick>ActivateWindow(tvguide,,return)</onclick>
        <visible>VideoPlayer.Content(livetv)</visible>
    </control>
    <control type="button" id="717">
        <label>o</label>
        <align>center</align>
        <width>100</width>
        <height>100</height>
        <font>IconMedium</font>
        <onclick>ActivateWindow(osdsubtitlesettings)</onclick>
        <visible>!VideoPlayer.Content(livetv)</visible>
    </control>
    <control type="button" id="718">
        <label>P</label>
        <align>center</align>
        <width>100</width>
        <height>100</height>
        <font>IconSmall</font>
        <onclick>ActivateWindow(Teletext)</onclick>
        <visible>Pvr.HasTxt</visible>
    </control>
    <control type="button" id="719">
        <label>n</label>
        <align>center</align>
        <width>100</width>
        <height>100</height>
        <font>IconMedium</font>
        <onclick>Close</onclick>
        <onclick>ActivateWindow(fullscreeninfo)</onclick>
        <visible>VideoPlayer.Content(movies) | VideoPlayer.Content(episodes) | VideoPlayer.Content(files) | VideoPlayer.Content(livetv)</visible>
    </control>
</control> -->