<?xml version="1.0" encoding="UTF-8"?>
<window>
  <visible>[VideoPlayer.IsFullscreen | Window.IsVisible(visualisation)] + [Player.Seeking | Player.DisplayAfterSeek + String.IsEqual(Skin.String(HideOSD),Always) | Player.Paused  | Player.DisplayAfterSeek + !System.IdleTime(3) | Player.Paused + !System.IdleTime(3) | Player.Forwarding | Player.Rewinding | Player.IsTempo] + !Window.IsVisible(VideoOSD) + !Window.IsVisible(subtitlesearch) + !Window.IsVisible(MusicOSD)</visible>
  <controls>
    <!-- <include content="OSDBackground"/> -->
    <include content="OSDInfo"/>
    <control type="group">
      <top>860</top>
      <include content="Seekbar"/>
    </control>
  </controls>
</window>