<?xml version="1.0" encoding="UTF-8"?>
<window>
	<!-- <zorder>3</zorder> -->
	<controls>
    <control type="label" id="402">
      <top>-100</top>
      <height>34</height>
      <textcolor>00ffffff</textcolor>
      <font>Font24</font>
      <align>top</align>
    </control>
    <control type="group">
      <visible>!String.IsEmpty(Window(home).Property(LanguageNotification))</visible>
      <control type="label">
        <top>909</top>
        <right>0</right>
        <width>816</width>
        <height>34</height>
        <textcolor>osd_light</textcolor>
        <font>PlayerTime</font>
        <align>center</align>
        <label>$INFO[Control.GetLabel(402)]</label>
      </control>
    </control>
    <control type="group">
      <visible>String.IsEmpty(Window(home).Property(LanguageNotification))</visible>
      <include>Visible_Fade</include>
      <top>40</top>
      <right>40</right>
      <height>80</height>
      <width>600</width>
      <control type="image">
        <colordiffuse>e0161616</colordiffuse>
        <texture border="32">colors/white.png</texture>
      </control>
      <control type="image">
        <width>5</width>
        <texture colordiffuse="accent_color">colors/white.png</texture>
      </control>
      <control type="label" id="401">
        <top>2</top>
        <left>18</left>
        <right>0</right>
        <height>34</height>
        <textcolor>osd_light</textcolor>
        <font>Font30</font>
        <align>top</align>
      </control>
      <control type="label">
        <bottom>10</bottom>
        <left>18</left>
        <right>0</right>
        <height>34</height>
        <textcolor>osd_grey</textcolor>
        <font>Font24</font>
        <align>top</align>
        <label>$INFO[Control.GetLabel(402)]</label>
      </control>
    </control>
  </controls>
</window>