<?xml version="1.0" encoding="UTF-8"?>
<includes>
	<include name="FlixPanel">
		<control type="group">
			<left>50</left>
			<width>785</width>
			<top>45</top>
			<control type="image">
				<width>545</width>
				<height>233</height>
				<texture colordiffuse="artwork_dim" background="true">$VAR[ClearlogoVar]</texture>
				<aspectratio align="center">keep</aspectratio>
				<visible>[!String.IsEmpty(ListItem.Art(clearlogo)) + Skin.HasSetting(Enable.Clearlogo)] + [$EXP[isContent] | Container.Content(addons)]</visible>
			</control>
			<control type="group">
				<height>263</height>
				<width>600</width>
				<visible>[String.IsEmpty(ListItem.Art(clearlogo)) | !Skin.HasSetting(Enable.Clearlogo)] + [$EXP[isContent] | Container.Content(addons)]</visible>
				<control type="textbox">
					<aligny>center</aligny>
					<font>font52_title</font>
					<textcolor>unfocused_text</textcolor>
					<label>$VAR[SubstituteLabel]</label>
					<autoscroll delay="2000" time="2000" repeat="3000">Skin.HasSetting(autoscroll)</autoscroll>
					<visible>String.IsEqual(Skin.String(titleSetting),0)</visible>
				</control>
				<control type="textbox">
					<aligny>center</aligny>
					<font>font_title_eng</font>
					<textcolor>unfocused_text</textcolor>
					<label>$VAR[SubstituteLabel]</label>
					<autoscroll delay="2000" time="2000" repeat="3000">Skin.HasSetting(autoscroll)</autoscroll>
					<visible>String.IsEqual(Skin.String(titleSetting),1)</visible>
				</control>
				<control type="textbox">
					<aligny>center</aligny>
					<font>font_title_west</font>
					<textcolor>unfocused_text</textcolor>
					<label>$VAR[SubstituteLabel]</label>
					<autoscroll delay="2000" time="2000" repeat="3000">Skin.HasSetting(autoscroll)</autoscroll>
					<visible>String.IsEqual(Skin.String(titleSetting),2)</visible>
				</control>
			</control>
		
			<control type="grouplist">
				<top>258</top>
				<orientation>vertical</orientation>
				<itemgap>7</itemgap>
				<!-- <control type="textbox">
					<height>44</height>
					<label>$VAR[InfoPanelTop]</label>
					<font>font27</font>
					<textcolor>unfocused_text</textcolor>
					<autoscroll delay="3500" time="2000" repeat="5000">true</autoscroll>
				</control> -->
				<control type="grouplist">
					<height>58</height>
					<orientation>horizontal</orientation>
					<itemgap>6</itemgap>
					<aligny>center</aligny>
					<align>left</align>
					<visible>![Window.IsVisible(dialogbusy) | Player.HasMedia] + $EXP[isContent] + !String.IsEmpty(ListItem.Genre)</visible>
					<include content="FlixInfoIcon">
						<param name="visible" value="!String.IsEmpty(Container($PARAM[id]).ListItem.year) + !ListItem.IsCollection + [$EXP[isMovie] | $EXP[isTVShow]]"/>
						<param name="flixlabel" value="$INFO[Container($PARAM[id]).ListItem.year]"/>
					</include>
					<include content="FlixInfoIcon">
						<param name="visible" value="!String.IsEmpty(Container($PARAM[id]).ListItem.Premiered) + !ListItem.IsCollection + $EXP[isEpisode]"/>
						<param name="flixlabel" value="$INFO[Container($PARAM[id]).ListItem.Premiered]"/>
					</include>
					<include content="FlixInfoIcon">
						<param name="visible" value="!String.IsEmpty(Window.Property(pov.subLang))"/>
						<param name="flixlabel" value="[UPPERCASE]$INFO[Window.Property(pov.subLang)][/UPPERCASE]"/>
					</include>
					<include content="FlixInfoIcon">
						<param name="visible" value="!String.IsEmpty(Window.Property(pov.genre))"/>
						<param name="flixlabel" value="$INFO[Window.Property(pov.genre)]"/>
					</include>
					<include content="FlixInfoIcon">
						<param name="visible" value="!ListItem.IsCollection + !$EXP[isTVShow] + !String.IsEmpty(Container($PARAM[id]).ListItem.Duration)"/>
						<param name="flixlabel" value="$VAR[FlixPanelRuntime]"/>
					</include>
					<include content="FlixInfoIcon">
						<param name="visible" value="!String.IsEmpty(ListItem.Property(TotalSeasons)) + Integer.IsEqual(Container($PARAM[id]).ListItem.Property(TotalSeasons),1) + !ListItem.IsCollection + $EXP[isTVShow]"/>
						<param name="flixlabel" value="$INFO[Container($PARAM[id]).ListItem.Property(TotalSeasons),, season]"/>
					</include>
					<include content="FlixInfoIcon">
						<param name="visible" value="!String.IsEmpty(ListItem.Property(TotalSeasons)) + Integer.IsGreater(Container($PARAM[id]).ListItem.Property(TotalSeasons),1) + !ListItem.IsCollection + $EXP[isTVShow]"/>
						<param name="flixlabel" value="$INFO[Container($PARAM[id]).ListItem.Property(TotalSeasons),, seasons]"/>
					</include>
					<include content="FlixInfoIcon">
						<param name="visible" value="!String.IsEmpty(ListItem.Status) + !ListItem.IsCollection + $EXP[isTVShow]"/>
						<param name="flixlabel" value="$VAR[StatusVar]"/>
					</include>
					<include content="FlixInfoIcon">
						<param name="visible" value="!String.IsEmpty(ListItem.Duration) + !ListItem.IsCollection + [$EXP[isMovie] | $EXP[isSeason]]"/>
						<param name="flixlabel" value="$INFO[Container($PARAM[id]).ListItem.EndTime,Ends: ]"/>
					</include>
					<control type="group">
						<control type="image">
							<top>-4</top>
							<left>-12</left>
							<width>110</width>
							<height>56</height>
							<fadetime>0</fadetime>
							<aspectratio align="center" aligny="center">keep</aspectratio>
							<texture colordiffuse="artwork_dim">$INFO[$PARAM[infolabel_prefix]ListItem.Studio,resource://resource.images.studios.coloured/,.png]</texture>
							<visible>true</visible>
							<visible>Skin.HasSetting(Enable.StudioLogos)</visible>
						</control>
					</control>
				</control>
				<control type="textbox" id="15500">
					<height>230</height>
					<width>600</width>
					<label>$VAR[ListBoxInfoVar]</label>
					<font>font27</font>
					<textcolor>unfocused_text</textcolor>
					<autoscroll delay="7000" time="3000" repeat="7000">true</autoscroll>
					<visible>![$EXP[isContent] | String.IsEqual(ListItem.DBType,song)]</visible>
				</control>
				<include condition="!String.IsEmpty(Skin.String(mdblist_api_key))" content="HorizontalRatings"/>
				<control type="textbox">
					<height max="135">auto</height>
					<bottom>70</bottom>
					<label>$VAR[InfoPanelBottom]</label>
					<font>font27</font>
					<textcolor>unfocused_text</textcolor>
					<autoscroll delay="8000" time="3000" repeat="7000">Skin.HasSetting(autoscroll)</autoscroll>
					<visible>![String.IsEmpty(Skin.String(mdblist_api_key)) | Player.HasMedia]</visible>
				</control>
				<control type="textbox">
					<height max="235">auto</height>
					<width>600</width>
					<bottom>70</bottom>
					<label>$VAR[InfoPanelBottom]</label>
					<font>font27</font>
					<textcolor>unfocused_text</textcolor>
					<autoscroll delay="8000" time="3000" repeat="7000">Skin.HasSetting(autoscroll)</autoscroll>
					<visible>Player.HasMedia</visible>
				</control>
				<control type="textbox">
					<height max="165">auto</height>
					<bottom>70</bottom>
					<label>$VAR[InfoPanelBottom]</label>
					<font>font27</font>
					<textcolor>unfocused_text</textcolor>
					<autoscroll delay="8000" time="3000" repeat="7000">Skin.HasSetting(autoscroll)</autoscroll>
					<visible>String.IsEmpty(Skin.String(mdblist_api_key))</visible>
				</control>
			</control>
		</control>
	</include>

	<include name="HorizontalRatings">
		<control type="grouplist">
			<height>38</height>
			<orientation>horizontal</orientation>
			<itemgap>20</itemgap>
			<aligny>center</aligny>
			<visible>!Player.HasMedia + !String.IsEmpty(ListItem.Genre) + $EXP[isContent]</visible>
			<control type="grouplist">
				<width>130</width>
				<orientation>horizontal</orientation>
				<itemgap>5</itemgap>
				<align>left</align>
				<visible>![String.IsEmpty(Window.Property(nimbus.metascore)) | Skin.HasSetting(Disable.MetacriticRating)]</visible>
				<control type="image">
					<width>50</width>
					<height>38</height>
					<aspectratio>keep</aspectratio>
					<align>left</align>
					<aligny>center</aligny>
					<texture colordiffuse="artwork_dim">$INFO[Window.Property(nimbus.metascoreImage)]</texture>
				</control>
				<control type="label">
					<width max="80">auto</width>
					<height>36</height>
					<align>left</align>
					<aligny>center</aligny>
					<label>$INFO[Window.Property(nimbus.metascore)]%</label>
					<font>font27</font>
					<textcolor>unfocused_text</textcolor>
				</control>
			</control>
			<control type="grouplist">
				<width>130</width>
				<orientation>horizontal</orientation>
				<itemgap>5</itemgap>
				<align>left</align>
				<visible>![String.IsEmpty(Window.Property(nimbus.tomatoMeter)) | Skin.HasSetting(Disable.RTCRating)]</visible>
				<control type="image">
					<width>50</width>
					<height>38</height>
					<aspectratio>keep</aspectratio>
					<align>left</align>
					<aligny>center</aligny>
					<texture colordiffuse="artwork_dim">$INFO[Window.Property(nimbus.tomatoImage)]</texture>
				</control>
				<control type="label">
					<width max="80">auto</width>
					<height>36</height>
					<align>left</align>
					<aligny>center</aligny>
					<label>$INFO[Window.Property(nimbus.tomatoMeter)]%</label>
					<font>font27</font>
					<textcolor>unfocused_text</textcolor>
				</control>
			</control>
			<control type="grouplist">
				<width>130</width>
				<orientation>horizontal</orientation>
				<itemgap>2</itemgap>
				<align>left</align>
				<visible>![String.IsEmpty(Window.Property(nimbus.tomatoUserMeter)) | Skin.HasSetting(Disable.RTARating)]</visible>
				<control type="image">
					<width>45</width>
					<height>38</height>
					<aspectratio>keep</aspectratio>
					<align>left</align>
					<aligny>center</aligny>
					<texture colordiffuse="artwork_dim">$INFO[Window.Property(nimbus.tomatoUserImage)]</texture>
				</control>
				<control type="label">
					<width max="80">auto</width>
					<height>36</height>
					<align>left</align>
					<aligny>center</aligny>
					<label>$INFO[Window.Property(nimbus.tomatoUserMeter)]%</label>
					<font>font27</font>
					<textcolor>unfocused_text</textcolor>
				</control>
			</control>
			<control type="grouplist">
				<width>130</width>
				<orientation>horizontal</orientation>
				<itemgap>5</itemgap>
				<align>left</align>
				<visible>![String.IsEmpty(Window.Property(nimbus.imdbRating)) | Skin.HasSetting(Disable.IMDbRating)]</visible>
				<control type="image">
					<width>74</width>
					<height>38</height>
					<aspectratio>keep</aspectratio>
					<align>left</align>
					<aligny>center</aligny>
					<texture colordiffuse="artwork_dim">$INFO[Window.Property(nimbus.imdbImage)]</texture>
				</control>
				<control type="label">
					<width max="60">auto</width>
					<height>36</height>
					<align>left</align>
					<aligny>center</aligny>
					<label>$INFO[Window.Property(nimbus.imdbRating)]</label>
					<font>font27</font>
					<textcolor>unfocused_text</textcolor>
				</control>
			</control>
			<control type="grouplist">
				<width>130</width>
				<orientation>horizontal</orientation>
				<itemgap>8</itemgap>
				<align>left</align>
				<visible>![String.IsEmpty(Window.Property(nimbus.popularRating)) | Skin.HasSetting(Disable.IMDbPopularRating)]</visible>
				<control type="image">
					<width>29</width>
					<height>35</height>
					<aspectratio>keep</aspectratio>
					<align>left</align>
					<aligny>center</aligny>
					<texture colordiffuse="artwork_dim">$INFO[Window.Property(nimbus.popularImage)]</texture>
				</control>
				<control type="label">
					<width max="87">auto</width>
					<height>36</height>
					<align>left</align>
					<aligny>center</aligny>
					<label>$INFO[Window.Property(nimbus.popularRating)]</label>
					<font>font27</font>
					<textcolor>unfocused_text</textcolor>
				</control>
			</control>
			<control type="grouplist">
				<width>118</width>
				<orientation>horizontal</orientation>
				<itemgap>12</itemgap>
				<align>right</align>
				<visible>![String.IsEmpty(Window.Property(nimbus.tmdbRating)) | Skin.HasSetting(Disable.TMDbRating)]</visible>
				<control type="image">
					<top>-3</top>
					<width>60</width>
					<aspectratio>keep</aspectratio>
					<align>left</align>
					<aligny>center</aligny>
					<texture colordiffuse="artwork_dim">$INFO[Window.Property(nimbus.tmdbImage)]</texture>
				</control>
				<control type="label">
					<width max="60">auto</width>
					<height>36</height>
					<align>left</align>
					<label>$INFO[Window.Property(nimbus.tmdbRating)]</label>
					<font>font27</font>
					<textcolor>unfocused_text</textcolor>
				</control>
			</control>
		</control>
	</include>

</includes>
