<addon id="repository.hgrepo" version="0.0.1" name="HG's repo" provider-name="HG">
    <extension point="xbmc.addon.repository" name="HG's repo">
        <dir minversion="19.0.0">
            <info compressed="false">https://raw.githubusercontent.com/hieunhit/kodi/main/addons.xml</info>
            <checksum>https://raw.githubusercontent.com/hieunhit/kodi/main/addons.xml.md5</checksum>
            <datadir zip="true">https://raw.githubusercontent.com/hieunhit/kodi/main/</datadir>
        </dir>
    </extension>
    <extension point="xbmc.addon.metadata">
        <platform>all</platform>
        <description>HG's reoo</description>
        <disclaimer></disclaimer>
        <assets>
            <icon>icon.png</icon>
            <fanart>fanart.jpg</fanart>
        </assets>
    </extension>
</addon>

