<?xml version="1.0" encoding="UTF-8"?>
<window id="1100">
	<defaultcontrol always="true">9000</defaultcontrol>
	<backgroundcolor>background</backgroundcolor>
	<controls>
		<include>DefaultBackground</include>
		<control type="group">
			<animation effect="fade" start="100" end="0" time="200" tween="sine" condition="$EXP[infodialog_active]">Conditional</animation>
			<control type="group" id="400">
				<include>OpenClose_Right</include>
				<include content="AddonLauncherPanel">
					<param name="group_id" value="500" />
					<param name="id" value="video" />
					<param name="container_path" value="addons://sources/video/" />
					<param name="container_target" value="videos" />
					<param name="imagewidget_onclick" value="ActivateWindow(addonbrowser,addons://all/xbmc.addon.video,return)" />
				</include>
				<include content="AddonLauncherPanel">
					<param name="group_id" value="501" />
					<param name="id" value="music" />
					<param name="container_path" value="addons://sources/audio/" />
					<param name="container_target" value="music" />
					<param name="imagewidget_onclick" value="ActivateWindow(addonbrowser,addons://all/xbmc.addon.audio,return)" />
				</include>
				<include content="AddonLauncherPanel">
					<param name="group_id" value="509" />
					<param name="id" value="game" />
					<param name="container_path" value="addons://sources/game/" />
					<param name="container_target" value="games" />
					<param name="imagewidget_onclick" value="ActivateWindow(addonbrowser,addons://all/category.standalonegames,return)" />
				</include>
				<include content="AddonLauncherPanel">
					<param name="group_id" value="502" />
					<param name="id" value="addons" />
					<param name="container_path" value="addons://sources/executable/" />
					<param name="container_target" value="programs" />
					<param name="imagewidget_onclick" value="ActivateWindow(addonbrowser,addons://all/xbmc.addon.executable,return)" />
				</include>
				<include content="AddonLauncherPanel" condition="System.Platform.Android">
					<param name="group_id" value="506" />
					<param name="id" value="android" />
					<param name="container_path" value="androidapp://sources/apps/" />
					<param name="container_target" value="programs" />
				</include>
				<include content="AddonLauncherPanel">
					<param name="group_id" value="503" />
					<param name="id" value="pictures" />
					<param name="container_path" value="addons://sources/image/" />
					<param name="container_target" value="pictures" />
					<param name="imagewidget_onclick" value="ActivateWindow(addonbrowser,addons://all/xbmc.addon.image,return)" />
				</include>
				<include content="AddonLauncherPanel">
					<param name="group_id" value="507" />
					<param name="id" value="download" />
					<param name="container_path" value="addons://all/" />
					<param name="container_target" value="addonbrowser" />
				</include>
				<include content="AddonLauncherPanel">
					<param name="group_id" value="508" />
					<param name="id" value="manage" />
					<param name="container_path" value="addons://user" />
					<param name="container_target" value="addonbrowser" />
				</include>
			</control>
			<control type="group">
				<include>OpenClose_Left</include>
				<include content="ContentPanel">
					<param name="width" value="523" />
				</include>
				<control type="fixedlist" id="9000">
					<left>25</left>
					<top>250</top>
					<width>462</width>
					<height>533</height>
					<pagecontrol>70</pagecontrol>
					<movement>6</movement>
					<focusposition>0</focusposition>
					<onup>700</onup>
					<ondown>9000</ondown>
					<onright>SetFocus($INFO[Container(9000).ListItem.Property(menu_id)])</onright>
					<scrolltime tween="cubic" easing="out">500</scrolltime>
					<animation condition="Control.HasFocus(700)" effect="slide" time="500" start="0,0" end="0,130" tween="cubic" easing="inout">Conditional</animation>
					<include content="List">
						<param name="id" value="9000" />
					</include>
					<content>
						<item id="1">
							<label>$LOCALIZE[157]</label>
							<onclick>ActivateWindow(videos,addons://sources/video/,return)</onclick>
							<property name="id">video</property>
							<property name="path">addons://sources/video/</property>
							<property name="menu_id">$NUMBER[500]</property>
						</item>
						<item id="2">
							<label>$LOCALIZE[249]</label>
							<onclick>ActivateWindow(music,addons://sources/audio/,return)</onclick>
							<property name="id">music</property>
							<property name="path">addons://sources/audio/</property>
							<property name="menu_id">$NUMBER[501]</property>
						</item>
						<item id="8">
							<label>game</label>
							<visible>System.GetBool(gamesgeneral.enable)</visible>
							<onclick>ActivateWindow(games,addons://sources/game/,return)</onclick>
							<property name="id">game</property>
							<property name="path">addons://sources/game/</property>
							<property name="menu_id">$NUMBER[509]</property>
						</item>
						<item id="3">
							<label>program</label>
							<onclick>ActivateWindow(programs,addons://sources/executable/,return)</onclick>
							<property name="id">addons</property>
							<property name="path">addons://sources/executable/</property>
							<property name="menu_id">$NUMBER[502]</property>
						</item>
						<item id="4">
							<label>android</label>
							<onclick>ActivateWindow(programs,androidapp://sources/apps/,return)</onclick>
							<property name="id">android</property>
							<property name="path">androidapp://sources/apps/</property>
							<property name="menu_id">$NUMBER[506]</property>
							<visible>System.Platform.Android</visible>
						</item>
						<item id="5">
							<label>picture</label>
							<onclick>ActivateWindow(pictures,addons://sources/image/,return)</onclick>
							<property name="id">pictures</property>
							<property name="path">addons://sources/image/</property>
							<property name="menu_id">$NUMBER[503]</property>
						</item>
						<item id="7">
							<label>$LOCALIZE[24998]</label>
							<onclick>ActivateWindow(addonbrowser,addons://user/,return)</onclick>
							<property name="id">manage</property>
							<property name="path">addons://user/</property>
							<property name="menu_id">$NUMBER[508]</property>
						</item>
						<item id="6">
							<label>$LOCALIZE[33003]</label>
							<onclick>ActivateWindow(addonbrowser,addons://all/,return)</onclick>
							<property name="id">download</property>
							<property name="path">addons://all/</property>
							<property name="menu_id">$NUMBER[507]</property>
						</item>
					</content>
				</control>
				<control type="fixedlist" id="700">
					<visible allowhiddenfocus="true">Control.HasFocus(700)</visible>
					<animation effect="slide" time="500" start="0,-370" end="0,0" tween="cubic" easing="inout">VisibleChange</animation>
					<orientation>vertical</orientation>
					<left>25</left>
					<top>200</top>
					<width>825</width>
					<height>160</height>
					<onup>700</onup>
					<ondown>9000</ondown>
					<onleft>9000</onleft>
					<onright>9000</onright>
					<onback>9000</onback>
					<focusposition>0</focusposition>
					<movement>2</movement>
					<include content="List">
						<param name="id" value="700" />
						<param name="height" value="50" />
						<param name="img_top" value="11.5" />
						<param name="img_bottom" value="-10" />
						<param name="img_width" value="5" />
						<param name="img_left" value="50" />
						<param name="focused_font" value="font40_title" />
						<param name="unfocused_font" value="font27" />
					</include>
					<content>
						<item>
							<label>browser</label>
							<onclick>ActivateWindow(addonbrowser,root)</onclick>
							<visible>Skin.HasSetting(OneClickClose)</visible>
						</item>
						<item>
							<label>updates | $INFO[System.AddonUpdateCount]</label>
							<onclick>ActivateWindow(addonbrowser,addons://outdated/,return)</onclick>
							<visible>Integer.IsGreater(Container(8000).NumItems,0)</visible>
						</item>
						<item>
							<label>settings</label>
							<onclick>ActivateWindow(systemsettings,addons)</onclick>
						</item>
					</content>
				</control>
				<include content="MiniMenuLabels">
					<param name="visible" value="Control.HasFocus(700)"/>
					<param name="top" value="125"/>
					<param name="label" value="[UPPERCASE]Mini Menu[/UPPERCASE]"/>
				</include>
			</control>
			<include content="TopBar">
				<param name="breadcrumbs_label" value="$LOCALIZE[24001]" />
			</include>
			<!-- <include>BottomBar</include> -->
			<control type="group">
				<left>-10000</left>
				<include content="InfoList">
					<param name="path" value="addons://outdated/" />
					<param name="bottom" value="1" />
					<param name="width" value="1" />
					<param name="list_id" value="8000" />
					<param name="item_label" value="" />
				</include>
			</control>
		</control>
	</controls>
</window>
