<?xml version="1.0" encoding="UTF-8"?>
<window type="SearchResults" id="1121">
	<defaultcontrol>9000</defaultcontrol>
	<backgroundcolor>background</backgroundcolor>
	<controls>
		<include>DefaultBackground</include>
		<include>FlixFanart</include>
		<control type="group">
			<animation effect="fade" start="100" end="0" time="200" tween="sine" condition="$EXP[infodialog_active]">Conditional</animation>
			<!-- WIDGETS GROUP -->
			<control type="group" id="2000">
				<top>510</top>
				<include>OpenClose_Right</include>
				<!-- SEARCH RESULTS -->
				<control type="group" id="27000">
					<include content="Visible_Right_Delayed">
						<param name="id" value="movies"/>
					</include>
					<control type="grouplist" id="27001">
						<include content="Animation_Widget_Poster_Slide">
							<param name="container" value="27001" />
						</include>
					<visible allowhiddenfocus="true">!String.IsEmpty(Skin.String(SearchInput)) + String.IsEmpty(Skin.String(DatabaseStatus))</visible>
						<include>WidgetGroupListCommon</include>
						<pagecontrol>27099</pagecontrol>
						<include content="WidgetListPoster" condition="!Skin.HasSetting(HideMovieResults)">
              <param name="content_path" value="$VAR[SearchProviderMoviesVar]"/>
              <param name="widget_header" value="$LOCALIZE[342]"/>
              <param name="widget_target" value="videos"/>
              <param name="list_id" value="27011"/>
            </include>
            <include content="WidgetListPoster" condition="!Skin.HasSetting(HideTVShowResults)">
              <param name="content_path" value="$VAR[SearchProviderTVShowsVar]"/>
              <param name="widget_header" value="TV Shows"/>
              <param name="widget_target" value="videos"/>
              <param name="list_id" value="27012"/>
            </include>
            <include content="WidgetListPoster" condition="!Skin.HasSetting(HideCollectionsResults) + String.IsEqual(Skin.String(current_search_provider),0)">
              <param name="content_path" value="plugin://plugin.video.fen/?mode=build_movie_list&amp;action=tmdb_movies_search_sets&amp;query=$INFO[Skin.String(SearchInputEncoded)]"/>
              <param name="widget_header" value="Collections"/>
              <param name="widget_target" value="videos"/>
              <param name="list_id" value="27013"/>
            </include>
            <include content="WidgetListPoster" condition="!Skin.HasSetting(HidePeopleResults) + [String.IsEqual(Skin.String(current_search_provider),0) | String.IsEqual(Skin.String(current_search_provider),1)]">
              <param name="content_path" value="$VAR[SearchProviderPeopleVar]"/>
              <param name="widget_header" value="Actors/Actresses"/>
              <param name="widget_target" value="videos"/>
              <param name="list_id" value="27014"/>
            </include>
            <include content="WidgetListPoster" condition="!Skin.HasSetting(HidePeopleResults) + String.IsEqual(Skin.String(current_search_provider),2)">
              <param name="content_path" value="plugin://plugin.video.umbrella/?action=actorSearchMovies&amp;name=$INFO[Skin.String(SearchInputEncoded)]"/>
              <param name="widget_header" value="Actors/Actresses (Movies)"/>
              <param name="widget_target" value="videos"/>
              <param name="list_id" value="27015"/>
            </include>
            <include content="WidgetListPoster" condition="!Skin.HasSetting(HidePeopleResults) + String.IsEqual(Skin.String(current_search_provider),2)">
              <param name="content_path" value="plugin://plugin.video.umbrella/?action=actorSearchTV&amp;name=$INFO[Skin.String(SearchInputEncoded)]"/>
              <param name="widget_header" value="Actors/Actresses (TV Shows)"/>
              <param name="widget_target" value="videos"/>
              <param name="list_id" value="27016"/>
            </include>
            <include content="WidgetListPoster" condition="!Skin.HasSetting(HideMovieKeywordResults) + [String.IsEqual(Skin.String(current_search_provider),0) | String.IsEqual(Skin.String(current_search_provider),1)]">
							<param name="content_path" value="$VAR[SearchProviderKeywordMoviesVar]"/>
              <param name="widget_header" value="$VAR[KeywordMoviesLabelVar]"/>
              <param name="widget_target" value="videos"/>
              <param name="list_id" value="27015"/>
            </include>
            <include content="WidgetListPoster" condition="!Skin.HasSetting(HideTVShowKeywordResults) + [String.IsEqual(Skin.String(current_search_provider),0) | String.IsEqual(Skin.String(current_search_provider),1)]">
							<param name="content_path" value="$VAR[SearchProviderKeywordTVShowsVar]"/>
              <param name="widget_header" value="$VAR[KeywordTVShowsLabelVar]"/>
              <param name="widget_target" value="videos"/>
              <param name="list_id" value="27016"/>
            </include>
					</control>
					<include content="WidgetScrollbar" condition="Skin.HasSetting(touchmode)">
						<param name="scrollbar_id" value="27099"/>
					</include>
				</control>
			</control>
			<include content="TopBar">
				<param name="breadcrumbs_label" value="" />
			</include>
			<!-- <include>BottomBar</include> -->
			<control type="label">
				<visible>!String.IsEmpty(Skin.String(SearchInput)) + String.IsEmpty(Skin.String(DatabaseStatus)) + [$EXP[isMovie] | $EXP[isTVShow] | $EXP[isSeason] | $EXP[isEpisode]]</visible>
				<top>568</top>
				<left>50</left>
				<width>1815</width>
				<aligny>center</aligny>
				<height>40</height>
				<font>font27</font>
				<textcolor>unfocused_text</textcolor>
				<label>Search results for: [B]$INFO[Skin.String(SearchInput)][/B]</label>
				</control>
			<control type="group">
				<depth>DepthContentPanel</depth>
				<include>OpenClose_Left</include>
				<include>osd_darkenBG</include>
				<include content="ImageWidget" condition="!String.IsEmpty(Skin.String(DatabaseStatus))">
					<param name="left">50</param>
					<param name="text_label" value="Your search history is currently empty. Would you like to perform a new search or return to the home screen?" />
					<param name="button_label" value="New search" />
					<param name="button_onclick" value="RunScript(script.nimbus.helper,mode=re_search)"/>
					<param name="button3_onclick" value="ActivateWindow(home)"/>
					<param name="button_id" value="27400"/>
				</include>
				<control type="group">
					<!-- <animation condition="!ControlGroup(2000).HasFocus" effect="slide" time="300" start="-492,0" end="0,0" tween="sine" easing="inout">Conditional</animation> -->
					<animation condition="!ControlGroup(2000).HasFocus">
						<effect type="fade" start="0" end="100" time="300" tween="cubic" easing="in"/>
						<effect type="slide" start="-492,0" end="0,0" time="300" tween="cubic" easing="out" />
					</animation>
					<include content="ContentPanel">
						<param name="width" value="1100" />
					</include>
					<visible allowhiddenfocus="true">!ControlGroup(2000).HasFocus</visible>
					<control type="label">
						<animation condition="Control.HasFocus(700)" effect="slide" time="500" start="0,0" end="0,150" tween="cubic" easing="inout">Conditional</animation>
						<visible>![$EXP[isMovie] | $EXP[isTVShow] | $EXP[isSeason] | $EXP[isEpisode]] + String.IsEmpty(Skin.String(DatabaseStatus))</visible>
						<top>200</top>
						<left>90</left>
						<width>820</width>
						<aligny>center</aligny>
						<height>98</height>
						<font>font36_title</font>
						<label>[UPPERCASE]Recent searches[/UPPERCASE]</label>
						<textcolor>accent_color</textcolor>
					</control>
					<include content="MiniMenuLabels">
						<param name="visible" value="Control.HasFocus(700)"/>
						<param name="top" value="90"/>
						<param name="label" value="[UPPERCASE]Mini Menu[/UPPERCASE]"/>
					</include>
					<control type="fixedlist" id="9000">
						<animation condition="Control.HasFocus(700)" effect="slide" time="500" start="0,0" end="0,150" tween="cubic" easing="inout">Conditional</animation>
						<left>25</left>
						<top>300</top>
						<width>825</width>
						<height>533</height>
						<movement>6</movement>
						<focusposition>0</focusposition>
						<onfocus>ClearProperty(listposition,home)</onfocus>
						<onleft>9000</onleft>
						<onright condition="!String.IsEmpty(Skin.String(SearchInput))">SetFocus(2000)</onright>
						<onup>700</onup>
						<ondown>9000</ondown>
						<scrolltime tween="cubic" easing="out">500</scrolltime>
						<include content="List">
              <param name="id" value="9000" />
            </include>
						<content>
							<!-- SEARCH HISTORY -->
							<include content="SearchHistory" />
						</content>
					</control>
					<control type="fixedlist" id="700">
						<visible allowhiddenfocus="true">Control.HasFocus(700) + String.IsEmpty(Skin.String(DatabaseStatus))</visible>
						<animation effect="slide" time="500" start="0,-340" end="0,0" tween="cubic" easing="inout">VisibleChange</animation>
						<orientation>vertical</orientation>
						<left>25</left>
						<top>170</top>
						<width>825</width>
						<height>160</height>
						<onup>700</onup>
						<ondown>9000</ondown>
						<onright condition="!String.IsEmpty(Skin.String(SearchInput))">SetFocus(2000)</onright>
						<onright condition="String.IsEmpty(Skin.String(SearchInput))">9000</onright>
						<onleft>9000</onleft>
						<onback>9000</onback>
						<focusposition>0</focusposition>
						<movement>2</movement>
						<include content="List">
              <param name="id" value="700" />
              <param name="height" value="50" />
              <param name="img_top" value="11.5" />
              <param name="img_bottom" value="-10" />
              <param name="img_width" value="5" />
              <param name="img_left" value="50" />
              <param name="focused_font" value="font40_title" />
              <param name="unfocused_font" value="font27" />
            </include>
						<content>
							<item>
								<label>$VAR[CurrentSearchProviderVar]</label>
								<onclick>$VAR[CurrentSearchProviderToggleVar]</onclick>
							</item>
							<item>
								<label>new search</label>
								<onclick>RunScript(script.nimbus.helper,mode=search_input)</onclick>
							</item>
							<item>
								<label>trakt lists</label>
								<onclick>$VAR[TRAKTButtonActionsVar]</onclick>
							</item>
							<item>
								<label>clear search history</label>
								<onclick>RunScript(script.nimbus.helper,mode=remove_all_spaths)</onclick>
							</item>
							<item>
								<label>fullscreen</label>
								<onclick>Fullscreen</onclick>
								<visible>Player.HasMedia</visible>
							</item>
						</content>
					</control>
				</control>
				<control type="group">
					<!-- <width>550</width> -->
					<visible allowhiddenfocus="true">[$EXP[isMovie] | $EXP[isTVShow] | $EXP[isSeason] | $EXP[isEpisode]]</visible>
					<include content="FlixPanel"/>
				</control>
			</control>
			<control type="group">
				<depth>DepthBars</depth>
				<bottom>0</bottom>
				<height>70</height>
				<animation effect="fade" start="0" end="100" time="300" delay="300">WindowOpen</animation>
				<animation effect="fade" start="100" end="0" time="200">WindowClose</animation>
				<include condition="!Skin.HasSetting(hide_mediaflags)" content="MediaFlags">
					<param name="infolabel_prefix" value="Container." />
					<param name="resolution_var" value="$VAR[ContainerResolutionFlagVar]" />
				</include>
			</control>
			<!-- <control type="group">
				<include>OpenClose_Right</include>
				<animation effect="slide" time="300" start="-492,0" end="0,0" tween="sine" easing="inout">VisibleChange</animation>
				<animation effect="slide" end="0,-90" time="300" tween="sine" easing="inout" condition="$EXP[infodialog_active]">conditional</animation>
				<animation effect="fade" start="0" end="100" time="300">WindowOpen</animation>
				<animation effect="fade" start="100" end="0" time="200">WindowClose</animation>
				<control type="label">
				<visible>String.IsEmpty(Skin.String(SearchInput)) + String.IsEmpty(Skin.String(DatabaseStatus))</visible>
					<top>500</top>
					<left>650</left>
					<width>1085</width>
					<aligny>center</aligny>
					<align>center</align>
					<height>98</height>
					<font>font14</font>
					<textcolor>unfocused_text</textcolor>
					<wrapmultiline>true</wrapmultiline>
					<label>Explore your past searches on the left, delve into TRAKT lists using the TRAKT button, or click the search icon to initiate a new search.</label>
				</control>
			</control> -->
		</control>
	</controls>
</window>
